sent,consumed,duplicates,errors,seconds,records_per_second,mib_per_second,latency_ms_p50,latency_ms_p95,latency_ms_p99,record_bytes,codec,payload,rate,cpu_seconds,peak_rss_mib,peak_anon_mib,peak_working_set_mib,records_per_cpu_second,name
10000000,10000000,0,0,3.340332,2993714.055,285.503,9.552,21.519,25.677,100,lz4,random,-1,3.79037,72.69921875,42.609375,145.18359375,2638264.865962954,release-baseline-100b-random-lz4-r1
10000000,10000000,0,0,3.132532,3192306.0,304.442,4.368,68.446,94.897,100,lz4,random,-1,3.397271,74.37890625,44.2890625,147.3515625,2943539.093584233,release-baseline-100b-random-lz4-r2
10000000,10000000,0,0,3.617261,2764522.948,263.645,16.035,77.532,96.623,100,lz4,random,-1,3.841352,76.48046875,46.390625,147.2890625,2603250.105691954,release-baseline-100b-random-lz4-r3
30000,30000,0,0,7.068884,4243.951,414.448,61.07,101.514,466.195,102400,lz4,random,-1,7.05969,134.828125,105.1015625,211.36328125,4249.478376529281,release-baseline-100k-random-lz4-r1
30000,30000,0,0,6.480484,4629.284,452.079,59.374,74.607,371.617,102400,lz4,random,-1,6.478011,134.85546875,105.12890625,211.69921875,4631.051105038259,release-baseline-100k-random-lz4-r2
30000,30000,0,0,6.469015,4637.491,452.88,57.925,92.762,416.922,102400,lz4,random,-1,6.647939,134.89453125,105.16796875,211.5234375,4512.676785993373,release-baseline-100k-random-lz4-r3
10000000,10000000,0,0,21.228831,471057.496,460.017,52.42,65.803,346.087,1024,lz4,random,-1,23.419581,63.5078125,32.3671875,118.1484375,426993.1216959005,release-baseline-1k-random-lz4-r1
10000000,10000000,0,0,21.196337,471779.628,460.722,52.604,67.022,351.851,1024,lz4,random,-1,23.586972,66.22265625,36.125,138.15625,423962.85542714,release-baseline-1k-random-lz4-r2
10000000,10000000,0,0,22.379338,446840.733,436.368,56.749,81.062,347.676,1024,lz4,random,-1,24.720496,70.5625,40.47265625,143.74609375,404522.6277013212,release-baseline-1k-random-lz4-r3
5000000,5000000,0,0,9.126601,547849.077,535.009,50.767,72.586,316.244,1024,none,random,-1,11.092484,134.4765625,104.75,209.27734375,450755.66482674214,release-baseline-1k-random-none-r1
5000000,5000000,0,0,9.019395,554360.912,541.368,54.439,71.097,203.142,1024,none,random,-1,10.992096,134.74609375,105.01953125,208.91015625,454872.30096971494,release-baseline-1k-random-none-r2
5000000,5000000,0,0,10.273693,486679.922,475.273,55.11,160.969,316.716,1024,none,random,-1,10.708327,134.7890625,105.0625,210.74609375,466926.3461976833,release-baseline-1k-random-none-r3
600000,600000,0,0,30.004063,19997.292,19.529,1.935,3.283,3.611,1024,lz4,random,20000,4.93001,134.91796875,105.19140625,209.95703125,121703.60709207486,release-baseline-1k-steady-r1
600000,600000,0,0,30.006018,19995.989,19.527,1.9,3.243,3.518,1024,lz4,random,20000,4.96715,134.734375,105.21875,199.171875,120793.61404427086,release-baseline-1k-steady-r2
600000,600000,0,0,30.004181,19997.213,19.529,1.921,3.271,3.718,1024,lz4,random,20000,4.757523,133.67578125,105.23828125,210.01953125,126116.04820407595,release-baseline-1k-steady-r3
10000000,10000000,0,0,5.913482,1691050.98,1651.417,202.999,423.848,453.365,1024,lz4,zeros,-1,5.508021,130.2265625,100.13671875,201.44140625,1815534.1092563008,release-baseline-1k-zeros-lz4-r1
10000000,10000000,0,0,6.634426,1507289.439,1471.962,395.256,467.814,489.565,1024,lz4,zeros,-1,5.790368,132.44921875,102.359375,203.421875,1727005.9519533128,release-baseline-1k-zeros-lz4-r2
10000000,10000000,0,0,6.953455,1438133.9,1404.428,363.921,479.801,517.325,1024,lz4,zeros,-1,6.48618,134.3984375,104.734375,204.671875,1541739.5138586964,release-baseline-1k-zeros-lz4-r3
10000000,10000000,0,0,24.648302,405707.455,396.199,47.187,144.389,217.147,1024,lz4,random,-1,18.618669,58.68359375,31.62890625,117.609375,537095.3208309358,release-corkcheck-before-1k-r1
10000000,10000000,0,0,16.213938,616753.307,602.298,35.766,109.072,320.908,1024,lz4,random,-1,15.822634,59.0390625,32.234375,118.984375,632006.0237758138,release-corkcheck-before-1k-r2
10000000,10000000,0,0,14.5774,685993.387,669.915,35.612,50.096,323.59,1024,lz4,random,-1,15.871158,66.859375,39.8046875,126.28125,630073.747611863,release-corkcheck-before-1k-r3
600000,600000,0,0,30.014459,19990.366,19.522,3.613,6.306,8.051,1024,lz4,random,20000,5.887324,59.64453125,32.46484375,117.87890625,101913.87462283374,release-corkcheck-before-1k-steady-r1
600000,600000,0,0,30.003757,19997.496,19.529,1.826,3.166,3.378,1024,lz4,random,20000,3.569144,59.32421875,32.33203125,119.27734375,168107.5350280067,release-corkcheck-before-1k-steady-r2
600000,600000,0,0,30.003677,19997.549,19.529,1.832,3.173,3.397,1024,lz4,random,20000,3.636225,67.125,39.9453125,127.47265625,165006.29086483922,release-corkcheck-before-1k-steady-r3
10000000,10000000,0,0,14.862282,672844.166,657.074,37.019,58.578,244.381,1024,lz4,random,-1,15.652176,62.015625,34.83203125,121.65234375,638888.803703715,release-corkcheck-cork-1k-r1
10000000,10000000,0,0,16.502526,605967.852,591.765,38.63,101.053,317.78,1024,lz4,random,-1,15.848213,62.5625,35.49609375,121.1953125,630985.9666828052,release-corkcheck-cork-1k-r2
10000000,10000000,0,0,14.442488,692401.498,676.173,34.47,48.791,301.634,1024,lz4,random,-1,14.74349,62.546875,35.41796875,122.2578125,678265.458178491,release-corkcheck-cork-1k-r3
600000,600000,0,0,30.004115,19997.257,19.529,1.875,3.255,45.075,1024,lz4,random,20000,3.572462,62.40625,35.1015625,122.0703125,167951.40158243812,release-corkcheck-cork-1k-steady-r1
600000,600000,0,0,30.003131,19997.913,19.529,1.836,3.173,3.389,1024,lz4,random,20000,3.584916,63.0078125,35.81640625,122.90234375,167367.93832826207,release-corkcheck-cork-1k-steady-r2
600000,600000,0,0,30.003905,19997.397,19.529,1.827,3.166,3.387,1024,lz4,random,20000,3.49953,62.87109375,35.62109375,122.4375,171451.59492846183,release-corkcheck-cork-1k-steady-r3
10000000,10000000,0,0,2.693508,3712630.265,354.064,0.706,2.058,7.768,100,lz4,random,-1,3.119791,74.59765625,47.53515625,147.046875,3205342.9220098397,release-crc-100b-random-lz4-r1
10000000,10000000,0,0,2.747041,3640280.187,347.164,0.715,2.692,44.676,100,lz4,random,-1,3.202235,76.2109375,49.1484375,148.50390625,3122818.906170222,release-crc-100b-random-lz4-r2
10000000,10000000,0,0,2.762938,3619335.416,345.167,0.804,3.185,34.702,100,lz4,random,-1,3.162074,77.3046875,50.2421875,150.59375,3162481.333453929,release-crc-100b-random-lz4-r3
30000,30000,0,0,5.980339,5016.438,489.887,53.93,104.511,466.124,102400,lz4,random,-1,5.739636,116.2109375,89.8359375,194.19140625,5226.812292626222,release-crc-100k-random-lz4-r1
30000,30000,0,0,5.53686,5418.234,529.124,50.732,90.078,372.771,102400,lz4,random,-1,5.462352,116.1953125,89.84375,194.27734375,5492.139649733302,release-crc-100k-random-lz4-r2
30000,30000,0,0,4.999139,6001.033,586.038,47.567,65.148,461.251,102400,lz4,random,-1,5.278599,116.203125,89.8515625,194.3359375,5683.326200758952,release-crc-100k-random-lz4-r3
10000000,10000000,0,0,14.689178,680773.269,664.818,35.438,50.884,311.406,1024,lz4,random,-1,15.702627,61.32421875,34.44140625,120.484375,636836.116657423,release-crc-1k-random-lz4-r1
10000000,10000000,0,0,14.989879,667116.777,651.481,36.552,57.658,306.42,1024,lz4,random,-1,16.285006,65.77734375,38.89453125,139.421875,614061.7940208312,release-crc-1k-random-lz4-r2
10000000,10000000,0,0,15.869594,630135.863,615.367,35.925,79.124,331.362,1024,lz4,random,-1,16.266432,72.33203125,45.2734375,148.375,614762.9670723119,release-crc-1k-random-lz4-r3
5000000,5000000,0,0,7.658809,652843.058,637.542,35.207,83.312,438.537,1024,none,random,-1,7.610692,116.17578125,89.7578125,193.640625,656970.4831045587,release-crc-1k-random-none-r1
5000000,5000000,0,0,8.493524,588683.769,574.886,34.667,293.699,337.947,1024,none,random,-1,7.546071,116.1875,89.76953125,193.6171875,662596.469076424,release-crc-1k-random-none-r2
5000000,5000000,0,0,8.650777,577982.747,564.436,35.324,297.836,352.6,1024,none,random,-1,7.564598,116.203125,89.78515625,193.84375,660973.656498336,release-crc-1k-random-none-r3
600000,600000,0,0,30.003662,19997.559,19.529,1.963,3.352,4.69,1024,lz4,random,20000,4.12894,116.21875,89.8671875,193.0859375,145315.74689871978,release-crc-1k-steady-r1
600000,600000,0,0,30.003594,19997.605,19.529,1.844,3.186,3.452,1024,lz4,random,20000,3.738843,115.90625,89.875,190.71484375,160477.45251672776,release-crc-1k-steady-r2
600000,600000,0,0,30.003363,19997.758,19.529,1.838,3.179,3.399,1024,lz4,random,20000,3.75632,115.91796875,89.88671875,190.421875,159730.80035779698,release-crc-1k-steady-r3
10000000,10000000,0,0,3.540455,2824495.7,2758.297,130.391,266.207,318.559,1024,lz4,zeros,-1,2.810602,111.93359375,86.2578125,181.31640625,3557956.6228160374,release-crc-1k-zeros-lz4-r1
10000000,10000000,0,0,3.537306,2827010.335,2760.752,125.745,308.612,386.169,1024,lz4,zeros,-1,2.861372,114.8203125,88.4609375,183.52734375,3494826.9571380443,release-crc-1k-zeros-lz4-r2
10000000,10000000,0,0,3.531319,2831803.274,2765.433,110.724,254.384,318.075,1024,lz4,zeros,-1,2.770361,116.16796875,89.75,185.80859375,3609637.8775184895,release-crc-1k-zeros-lz4-r3
10000000,10000000,0,0,2.698567,3705670.849,353.4,0.596,1.665,3.86,100,lz4,random,-1,3.0797,73.56640625,46.43359375,145.6640625,3247069.519758418,release-final-100b-random-lz4-r1
10000000,10000000,0,0,2.92533,3418417.833,326.006,0.673,26.714,137.795,100,lz4,random,-1,3.067984,74.6484375,47.515625,146.91015625,3259469.410531476,release-final-100b-random-lz4-r2
10000000,10000000,0,0,2.72988,3663164.334,349.347,0.723,5.871,59.305,100,lz4,random,-1,3.074631,75.19921875,48.06640625,148.16796875,3252422.8110625306,release-final-100b-random-lz4-r3
30000,30000,0,0,4.770651,6288.45,614.106,33.543,288.378,301.389,102400,lz4,random,-1,3.974694,113.83984375,86.9609375,191.28125,7547.750845725483,release-final-100k-random-lz4-r1
30000,30000,0,0,4.061539,7386.363,721.324,34.455,80.661,324.948,102400,lz4,random,-1,4.060537,113.84765625,86.96875,191.62109375,7388.185355779297,release-final-100k-random-lz4-r2
30000,30000,0,0,4.535127,6615.03,645.999,33.891,142.312,409.304,102400,lz4,random,-1,3.985196,113.85546875,86.9765625,191.6796875,7527.860612125476,release-final-100k-random-lz4-r3
10000000,10000000,0,0,15.213948,657291.59,641.886,34.983,89.463,315.751,1024,lz4,random,-1,15.278974,56.47265625,29.46484375,115.56640625,654494.2088388919,release-final-1k-random-lz4-r1
10000000,10000000,0,0,15.713204,636407.427,621.492,35.163,126.104,312.535,1024,lz4,random,-1,15.622551,64.87890625,37.87109375,137.74609375,640100.3267648158,release-final-1k-random-lz4-r2
10000000,10000000,0,0,16.702598,598709.24,584.677,35.618,136.767,327.541,1024,lz4,random,-1,15.863656,70.8828125,43.75,144.84765625,630371.7125484819,release-final-1k-random-lz4-r3
5000000,5000000,0,0,6.375826,784212.081,765.832,33.624,60.134,319.921,1024,none,random,-1,7.260318,114.03515625,86.90234375,190.2421875,688675.0690534492,release-final-1k-random-none-r1
5000000,5000000,0,0,7.973879,627047.355,612.351,33.52,308.547,348.201,1024,none,random,-1,7.228383,113.7890625,86.91015625,191.6328125,691717.6358806666,release-final-1k-random-none-r2
5000000,5000000,0,0,7.550601,662198.972,646.679,33.55,174.951,340.945,1024,none,random,-1,7.179957,113.796875,86.91796875,190.79296875,696383.0006224271,release-final-1k-random-none-r3
600000,600000,0,0,30.003951,19997.366,19.529,1.822,3.164,3.385,1024,lz4,random,20000,3.559435,113.86328125,86.984375,190.07421875,168566.07860517188,release-final-1k-steady-r1
600000,600000,0,0,30.003725,19997.517,19.529,1.83,3.17,3.381,1024,lz4,random,20000,3.554551,113.8671875,86.98828125,190.1171875,168797.6906225287,release-final-1k-steady-r2
600000,600000,0,0,30.003814,19997.458,19.529,1.827,3.168,3.382,1024,lz4,random,20000,3.609625,113.87890625,86.98828125,189.5703125,166222.25300412092,release-final-1k-steady-r3
10000000,10000000,0,0,3.537314,2827003.53,2760.746,131.479,311.623,401.692,1024,lz4,zeros,-1,2.728467,110.6015625,83.46875,182.66796875,3665061.736132414,release-final-1k-zeros-lz4-r1
10000000,10000000,0,0,3.483863,2870376.69,2803.102,105.1,225.45,267.248,1024,lz4,zeros,-1,2.708746,112.54296875,85.41015625,185.41796875,3691745.18393382,release-final-1k-zeros-lz4-r2
10000000,10000000,0,0,3.540931,2824116.04,2757.926,107.656,258.637,312.602,1024,lz4,zeros,-1,2.703679,114.02734375,86.89453125,187.3125,3698663.9316279776,release-final-1k-zeros-lz4-r3
10000000,10000000,0,0,3.637324,2749274.244,262.191,8.408,68.928,141.509,100,lz4,random,-1,2.993766,1117.4453125,1079.3359375,1180.4921875,3340274.4235855443,release-kafka-100b-random-lz4-r1
10000000,10000000,0,0,3.801617,2630459.494,250.86,3.105,46.715,76.011,100,lz4,random,-1,3.292739,1152.48828125,1114.08984375,1217.87109375,3036985.3183018756,release-kafka-100b-random-lz4-r2
10000000,10000000,0,0,3.597817,2779463.153,265.07,5.426,26.018,37.36,100,lz4,random,-1,3.059951,1187.4609375,1148.78515625,1254.453125,3268026.1873474447,release-kafka-100b-random-lz4-r3
30000,30000,0,0,5.403587,5551.868,542.175,30.984,287.301,312.48,102400,lz4,random,-1,3.659615,1214.8203125,1172.20703125,1301.81640625,8197.58362559996,release-kafka-100k-random-lz4-r1
30000,30000,0,0,5.472662,5481.793,535.331,32.455,286.67,302.806,102400,lz4,random,-1,3.489895,1215.03125,1172.13671875,1304.76953125,8596.24716502932,release-kafka-100k-random-lz4-r2
30000,30000,0,0,4.71551,6361.984,621.287,31.863,293.375,310.431,102400,lz4,random,-1,3.483795,1215.85546875,1172.2109375,1308.1484375,8611.298885267359,release-kafka-100k-random-lz4-r3
10000000,10000000,0,0,15.903202,628804.179,614.067,31.937,171.822,325.484,1024,lz4,random,-1,15.530514,614.58984375,582.7734375,651.03125,643893.6921212008,release-kafka-1k-random-lz4-r1
10000000,10000000,0,0,15.591802,641362.692,626.331,34.207,106.29,310.9,1024,lz4,random,-1,14.234624,677.76953125,643.7890625,742.8125,702512.4091791958,release-kafka-1k-random-lz4-r2
10000000,10000000,0,0,19.926207,501851.661,490.09,47.512,152.921,325.085,1024,lz4,random,-1,16.780982,683.3203125,646.921875,754.375,595912.6825831765,release-kafka-1k-random-lz4-r3
5000000,5000000,0,0,8.949197,558709.373,545.615,40.408,136.509,382.181,1024,none,random,-1,7.580281,1198.328125,1158.94921875,1277.90234375,659606.1544420319,release-kafka-1k-random-none-r1
5000000,5000000,0,0,8.804259,567906.986,554.597,31.502,285.465,335.663,1024,none,random,-1,6.717471,1199.7890625,1158.5234375,1281.37109375,744327.7388171828,release-kafka-1k-random-none-r2
5000000,5000000,0,0,9.108365,548945.919,536.08,30.624,282.869,292.03,1024,none,random,-1,6.398678,1199.05859375,1157.2890625,1283.05078125,781411.410294439,release-kafka-1k-random-none-r3
600000,600000,0,0,30.003626,19997.583,19.529,1.984,3.686,5.994,1024,lz4,random,20000,3.940774,1222.31640625,1178.4375,1317.7109375,152254.3540938912,release-kafka-1k-steady-r1
600000,600000,0,0,30.003948,19997.368,19.529,1.813,3.145,3.34,1024,lz4,random,20000,2.716579,1220.37109375,1176.3984375,1318.89453125,220866.02303853488,release-kafka-1k-steady-r2
600000,600000,0,0,30.003548,19997.635,19.529,1.818,3.151,3.349,1024,lz4,random,20000,2.719751,1219.36328125,1175.15625,1321.453125,220608.4306982514,release-kafka-1k-steady-r3
10000000,10000000,0,0,4.721039,2118177.818,2068.533,328.201,679.826,781.47,1024,lz4,zeros,-1,2.111009,1188.47265625,1149.65625,1258.44140625,4737071.229918962,release-kafka-1k-zeros-lz4-r1
10000000,10000000,0,0,4.585298,2180883.361,2129.769,247.327,474.945,559.877,1024,lz4,zeros,-1,1.981655,1188.31640625,1149.40625,1260.3046875,5046287.068132445,release-kafka-1k-zeros-lz4-r2
10000000,10000000,0,0,4.302421,2324272.647,2269.798,164.206,318.722,367.736,1024,lz4,zeros,-1,2.043035,1189.20703125,1150.015625,1266.0390625,4894678.749996941,release-kafka-1k-zeros-lz4-r3
60000,60000,0,0,9.027883,6646.076,649.031,33.725,86.658,412.258,102400,lz4,random,-1,7.72565,57.86328125,30.9140625,102.984375,7766.336813083689,release-largecheck-core-r1
60000,60000,0,0,8.856147,6774.955,661.617,36.097,94.774,312.375,102400,lz4,random,-1,8.044986,63.37109375,36.59375,108.80078125,7458.061455918009,release-largecheck-core-r2
60000,60000,0,0,8.605598,6972.206,680.879,35.693,91.482,343.409,102400,lz4,random,-1,7.886104,59.6015625,32.69140625,103.3984375,7608.319646811658,release-largecheck-core-r3
60000,60000,0,0,9.149625,6557.646,640.395,31.883,236.167,420.487,102400,lz4,random,-1,7.351651,60.32421875,33.70703125,103.60546875,8161.432037511029,release-largecheck-crc-r1
60000,60000,0,0,6.886192,8713.089,850.888,31.641,49.435,205.48,102400,lz4,random,-1,7.348607,61.41796875,34.4375,105.05859375,8164.812732535567,release-largecheck-crc-r2
60000,60000,0,0,8.911697,6732.724,657.493,33.319,123.47,345.185,102400,lz4,random,-1,7.261695,64.64453125,37.85546875,109.81640625,8262.533747286274,release-largecheck-crc-r3
60000,60000,0,0,8.507669,7052.461,688.717,31.722,91.122,336.576,102400,lz4,random,-1,7.429501,62.4921875,35.359375,107.5625,8075.912500718419,release-largecheck-final-r1
60000,60000,0,0,9.005876,6662.317,650.617,31.714,136.033,441.078,102400,lz4,random,-1,7.287184,61.5234375,35.76171875,107.734375,8233.63318395693,release-largecheck-final-r2
60000,60000,0,0,8.236896,7284.297,711.357,33.842,81.885,328.166,102400,lz4,random,-1,7.5159,63.0546875,35.91015625,108.47265625,7983.075879136231,release-largecheck-final-r3
10000000,10000000,0,0,2.661678,3757028.889,358.298,0.815,1.674,4.023,100,lz4,random,-1,3.228756,74.203125,47.71484375,147.203125,3097168.0734004052,release-optimized-100b-random-lz4-r1
10000000,10000000,0,0,2.686287,3722610.52,355.016,0.819,1.766,4.528,100,lz4,random,-1,3.245182,76.07421875,49.5859375,149.34375,3081491.269210787,release-optimized-100b-random-lz4-r2
10000000,10000000,0,0,3.85974,2590848.288,247.083,2.478,9.222,15.255,100,lz4,random,-1,3.594011,77.28515625,50.796875,151.4609375,2782406.620347016,release-optimized-100b-random-lz4-r3
30000,30000,0,0,4.390022,6833.679,667.351,35.976,78.553,444.898,102400,lz4,random,-1,4.174947,123.24609375,97.2109375,201.40234375,7185.719962433055,release-optimized-100k-random-lz4-r1
30000,30000,0,0,3.850511,7791.173,760.857,36.348,57.724,370.205,102400,lz4,random,-1,4.263795,123.25,97.21484375,201.5390625,7035.985548085684,release-optimized-100k-random-lz4-r2
30000,30000,0,0,5.102,5880.047,574.223,35.986,312.465,329.12,102400,lz4,random,-1,4.260109,123.3359375,97.30078125,201.7578125,7042.073336621199,release-optimized-100k-random-lz4-r3
10000000,10000000,0,0,15.071156,663519.113,647.968,37.817,50.403,327.022,1024,lz4,random,-1,16.608071,59.625,32.8515625,118.35546875,602116.8864222703,release-optimized-1k-random-lz4-r1
10000000,10000000,0,0,15.75242,634823.114,619.944,37.998,48.434,313.665,1024,lz4,random,-1,16.722814,63.59375,36.69921875,137.3359375,597985.4825868421,release-optimized-1k-random-lz4-r2
10000000,10000000,0,0,15.405651,649112.454,633.899,38.297,50.062,298.619,1024,lz4,random,-1,16.899994,69.16015625,42.85546875,143.84375,591716.1864081136,release-optimized-1k-random-lz4-r3
5000000,5000000,0,0,9.054921,552185.923,539.244,50.583,73.327,367.789,1024,none,random,-1,9.973816,122.375,96.33984375,199.59375,501312.6370087437,release-optimized-1k-random-none-r1
5000000,5000000,0,0,11.456592,436429.974,426.201,57.778,198.828,347.534,1024,none,random,-1,10.70911,122.81640625,96.78125,200.95703125,466892.2067286637,release-optimized-1k-random-none-r2
5000000,5000000,0,0,9.256812,540142.774,527.483,44.052,139.596,367.128,1024,none,random,-1,9.049854,122.828125,96.79296875,200.94921875,552495.1010259392,release-optimized-1k-random-none-r3
600000,600000,0,0,30.00427,19997.153,19.528,1.837,3.177,3.394,1024,lz4,random,20000,3.773565,123.33984375,97.3046875,200.33203125,159000.8387294243,release-optimized-1k-steady-r1
600000,600000,0,0,30.003047,19997.969,19.529,1.838,3.176,3.387,1024,lz4,random,20000,3.744791,123.3515625,97.31640625,200.3828125,160222.5598170899,release-optimized-1k-steady-r2
600000,600000,0,0,30.003622,19997.585,19.529,1.837,3.177,3.392,1024,lz4,random,20000,3.789567,123.359375,97.3203125,200.92578125,158329.4344710095,release-optimized-1k-steady-r3
10000000,10000000,0,0,5.023769,1990537.566,1943.884,457.056,883.619,1007.463,1024,lz4,zeros,-1,3.30442,118.890625,92.421875,191.46484375,3026249.6898094066,release-optimized-1k-zeros-lz4-r1
10000000,10000000,0,0,4.54934,2198121.253,2146.603,198.341,438.79,495.724,1024,lz4,zeros,-1,3.361655,120.68359375,94.49609375,191.98828125,2974725.2469393797,release-optimized-1k-zeros-lz4-r2
10000000,10000000,0,0,4.612184,2168170.053,2117.354,247.647,527.022,629.658,1024,lz4,zeros,-1,3.220914,122.3046875,96.328125,191.203125,3104708.7876298465,release-optimized-1k-zeros-lz4-r3
160000000,160000000,0,0,37.322865668917075,4286916.267880521,408.8321941261788,197.064,461.083,562.019,100,lz4,random,-1,37.285617,141.55859375,115.515625,228.75,4291198.936040136,release-parallel-best-parallel-100b-r1
160000000,160000000,0,0,38.007884254911914,4209652.895354798,401.46378472850785,195.725,533.244,633.189,100,lz4,random,-1,36.895639,144.52734375,118.41796875,232.04296875,4336555.873175146,release-parallel-best-parallel-100b-r2
160000000,160000000,0,0,41.873402970144525,3821041.249360101,364.4028901443578,236.091,457.906,566.763,100,lz4,random,-1,45.032916,151.328125,125.21875,237.79296875,3552956.6861715107,release-parallel-best-parallel-100b-r3
20000000,20000000,0,0,37.92577530792914,527345.8442870276,514.9861760615504,173.611,413.281,522.597,1024,lz4,random,-1,42.950918,103.72265625,78.6015625,186.1953125,465647.78894830606,release-parallel-best-parallel-1k-r1
20000000,20000000,0,0,34.43296700110659,580838.7060968998,567.2252989227537,133.534,414.049,480.891,1024,lz4,random,-1,38.520752,118.62890625,92.5859375,202.0078125,519200.6635799841,release-parallel-best-parallel-1k-r2
20000000,20000000,0,0,33.04551827581599,605225.7928917636,591.0408133708629,134.023,413.472,539.451,1024,lz4,random,-1,39.472485,127.90625,101.86328125,213.55078125,506682.0596676394,release-parallel-best-parallel-1k-r3
40000000,40000000,0,0,17.064602214843035,2344033.5436127204,2289.0952574342973,1233.303,2166.623,2459.422,1024,lz4,zeros,-1,13.131736,179.12109375,153.01171875,258.875,3046055.753786095,release-parallel-best-parallel-zeros-r1
40000000,40000000,0,0,17.333506914088503,2307669.19805988,2253.5832012303517,1473.367,2462.33,2714.179,1024,lz4,zeros,-1,12.961064,188.35546875,162.24609375,269.6796875,3086166.382636487,release-parallel-best-parallel-zeros-r2
40000000,40000000,0,0,17.368557597976178,2303012.1974354903,2249.035349058096,1655.82,2898.137,3190.478,1024,lz4,zeros,-1,11.751757,192.30859375,166.19921875,271.87890625,3403746.350439343,release-parallel-best-parallel-zeros-r3
160000000,160000000,0,0,31.79704370489344,5031914.334079323,479.8807462767909,198.963,398.486,454.838,100,lz4,random,-1,33.630471,1227.12109375,1183.1875,1311.13671875,4757590.222271939,release-parallel-kafka-parallel-100b-r1
160000000,160000000,0,0,59.30348487617448,2697986.4730391405,257.3000405348912,334.641,634.602,840.101,100,lz4,random,-1,49.283997,1231.2578125,1183.8125,1331.0078125,3246489.9305955237,release-parallel-kafka-parallel-100b-r2
160000000,160000000,0,0,60.559101968072355,2642047.104403139,251.9652466204776,290.293,916.467,1665.122,100,lz4,random,-1,45.906553,1231.5078125,1179.50390625,1347.44921875,3485341.188653393,release-parallel-kafka-parallel-100b-r3
20000000,20000000,0,0,30.576182359131053,654103.8958065785,638.7733357486118,146.224,431.315,568.609,1024,lz4,random,-1,37.45067,1107.5234375,1072.4609375,1146.0078125,534035.8396792366,release-parallel-kafka-parallel-1k-r1
20000000,20000000,0,0,34.66130991396494,577012.2378422305,563.4885135178032,145.959,388.302,417.478,1024,lz4,random,-1,36.34361,1203.0,1164.5078125,1256.26953125,550303.0656558333,release-parallel-kafka-parallel-1k-r2
20000000,20000000,0,0,36.28471976495348,551196.2095768343,538.2775484148773,150.583,387.747,409.827,1024,lz4,random,-1,36.580448,1212.42578125,1168.86328125,1283.8984375,546740.1602079887,release-parallel-kafka-parallel-1k-r3
40000000,40000000,0,0,11.35343959601596,3523161.387500262,3440.5872924807245,1355.339,2106.132,2357.737,1024,lz4,zeros,-1,7.831908,1238.80859375,1188.234375,1289.06640625,5107312.292228152,release-parallel-kafka-parallel-zeros-r1
40000000,40000000,0,0,11.740706399083138,3406950.0284176855,3327.099637126646,987.256,1690.144,1835.244,1024,lz4,zeros,-1,7.343601,1230.859375,1179.74609375,1293.56640625,5446919.025148561,release-parallel-kafka-parallel-zeros-r2
40000000,40000000,0,0,12.274051539832726,3258907.612550658,3182.526965381502,1198.305,2088.448,2363.989,1024,lz4,zeros,-1,7.160145,1230.11328125,1179.9453125,1306.81640625,5586479.044767948,release-parallel-kafka-parallel-zeros-r3
5000000,5000000,0,0,15.950347,313472.799,306.126,69.536,356.377,489.387,1024,lz4,random,-1,49.261838999999995,157.421875,69.26953125,282.32421875,101498.44385630834,release-rf3-baseline-1k-r1
5000000,5000000,0,0,16.755132,298416.023,291.422,82.769,183.168,461.743,1024,lz4,random,-1,52.894346999999996,166.26953125,77.67578125,323.8359375,94528.05986998952,release-rf3-baseline-1k-r2
5000000,5000000,0,0,14.68227,340546.798,332.565,74.042,130.974,483.133,1024,lz4,random,-1,51.675899,175.671875,86.46875,365.2578125,96756.90402599478,release-rf3-baseline-1k-r3
600000,600000,0,0,30.004288,19997.142,19.528,2.306,3.645,4.007,1024,lz4,random,20000,12.238093,179.89453125,90.69921875,371.65625,49027.246320157894,release-rf3-baseline-1k-steady-r1
600000,600000,0,0,30.00423,19997.181,19.528,2.331,3.667,4.012,1024,lz4,random,20000,12.749912000000002,183.86328125,94.66796875,377.44921875,47059.14832980807,release-rf3-baseline-1k-steady-r2
600000,600000,0,0,30.00413,19997.247,19.529,2.334,3.673,4.026,1024,lz4,random,20000,12.849708,185.5078125,96.3125,383.66015625,46693.668058449264,release-rf3-baseline-1k-steady-r3
5000000,5000000,0,0,17.786163,281117.402,274.529,60.292,475.248,761.938,1024,lz4,random,-1,34.597733,142.3515625,72.265625,284.4140625,144518.13938213815,release-rf3-final-1k-r1
5000000,5000000,0,0,15.738112,317700.115,310.254,50.608,435.646,761.048,1024,lz4,random,-1,36.225832,152.7734375,81.72265625,328.0234375,138023.05492942163,release-rf3-final-1k-r2
5000000,5000000,0,0,15.171101,329573.968,321.85,52.461,410.696,578.323,1024,lz4,random,-1,37.384091,161.67578125,90.20703125,368.828125,133746.73199891366,release-rf3-final-1k-r3
600000,600000,0,0,30.003782,19997.479,19.529,2.191,3.546,20.472,1024,lz4,random,20000,9.943493,162.83984375,91.37109375,372.28125,60340.968711900336,release-rf3-final-1k-steady-r1
600000,600000,0,0,30.004282,19997.145,19.528,2.214,3.559,4.011,1024,lz4,random,20000,10.354737,163.80859375,92.33984375,372.87109375,57944.49438937947,release-rf3-final-1k-steady-r2
600000,600000,0,0,30.006424,19995.718,19.527,2.27,3.673,5.769,1024,lz4,random,20000,10.908458,164.953125,93.484375,380.81640625,55003.19110180376,release-rf3-final-1k-steady-r3
5000000,5000000,0,0,17.181622,291008.617,284.188,57.892,393.525,598.018,1024,lz4,random,-1,44.236556,2857.66796875,2764.94140625,2990.421875,113028.69056985358,release-rf3-kafka-1k-r1
5000000,5000000,0,0,17.361587,287992.099,281.242,47.972,418.731,800.398,1024,lz4,random,-1,31.148201999999998,2855.125,2758.90625,3041.04296875,160522.90915539846,release-rf3-kafka-1k-r2
5000000,5000000,0,0,18.093135,276347.905,269.871,48.052,561.004,880.298,1024,lz4,random,-1,32.77659,2875.24609375,2775.125,3092.62890625,152547.90080359182,release-rf3-kafka-1k-r3
600000,600000,0,0,30.003657,19997.563,19.529,2.132,3.476,4.052,1024,lz4,random,20000,10.179932,2888.99609375,2787.39453125,3123.6875,58939.489969088194,release-rf3-kafka-1k-steady-r1
600000,600000,0,0,30.003928,19997.382,19.529,2.147,3.495,5.294,1024,lz4,random,20000,9.741638,2884.80078125,2781.82421875,3136.02734375,61591.28475108601,release-rf3-kafka-1k-steady-r2
600000,600000,0,0,30.004418,19997.055,19.528,2.155,3.509,6.26,1024,lz4,random,20000,9.911576,2890.3984375,2787.140625,3150.26953125,60535.27713453441,release-rf3-kafka-1k-steady-r3
5000000,5000000,0,0,15.262479,327600.782,319.923,49.955,452.169,553.941,1024,lz4,random,-1,35.234404,144.875,68.2265625,280.01953125,141906.7568164343,release-rf3-optimized-1k-r1
5000000,5000000,0,0,14.590898,342679.399,334.648,50.774,419.48,652.669,1024,lz4,random,-1,36.462806,154.67578125,77.08984375,322.203125,137126.03467763835,release-rf3-optimized-1k-r2
5000000,5000000,0,0,13.699482,364977.298,356.423,52.775,382.788,460.704,1024,lz4,random,-1,37.495066,163.97265625,86.140625,364.890625,133350.87875295378,release-rf3-optimized-1k-r3
600000,600000,0,0,30.004277,19997.149,19.528,2.227,3.571,4.019,1024,lz4,random,20000,10.243996,165.37109375,87.43359375,362.1484375,58570.89362393348,release-rf3-optimized-1k-steady-r1
600000,600000,0,0,30.004334,19997.111,19.528,2.344,3.742,5.225,1024,lz4,random,20000,10.763155000000001,166.984375,88.9765625,363.3359375,55745.736264134444,release-rf3-optimized-1k-steady-r2
600000,600000,0,0,30.003601,19997.6,19.529,2.179,3.512,3.816,1024,lz4,random,20000,10.174407,145.62890625,89.0078125,251.55078125,58971.495832631816,release-rf3-optimized-1k-steady-r3
10000000,10000000,0,0,19.194278,520988.591,508.778,46.1,102.437,439.855,1024,lz4,random,-1,18.936084,65.58203125,38.48828125,124.69921875,528092.291943783,release-smallheap-best-1k-r1
10000000,10000000,0,0,19.884163,502912.808,491.126,46.691,126.039,402.75,1024,lz4,random,-1,18.755065,70.74609375,43.52734375,144.30859375,533189.3011301215,release-smallheap-best-1k-r2
10000000,10000000,0,0,16.909282,591391.149,577.53,36.341,121.875,342.921,1024,lz4,random,-1,16.357982,71.109375,48.30078125,149.6015625,611322.3501529712,release-smallheap-best-1k-r3
600000,600000,0,0,30.003729,19997.514,19.529,1.841,3.179,3.401,1024,lz4,random,20000,3.700925,73.35546875,48.375,148.2265625,162121.6317542236,release-smallheap-best-1k-steady-r1
600000,600000,0,0,30.003696,19997.536,19.529,1.933,3.293,3.829,1024,lz4,random,20000,4.007644,73.40625,48.4375,148.40234375,149713.8967433235,release-smallheap-best-1k-steady-r2
600000,600000,0,0,30.004112,19997.259,19.529,1.93,3.285,3.748,1024,lz4,random,20000,3.977888,72.82421875,48.54296875,148.15234375,150833.80929779823,release-smallheap-best-1k-steady-r3
10000000,10000000,0,0,21.963165,455307.776,444.637,53.625,147.927,360.365,1024,lz4,random,-1,25.378605,415.3984375,384.65625,523.1640625,394032.69013407157,release-smallheap-kafka-1k-r1
10000000,10000000,0,0,20.418216,489758.763,478.28,49.545,145.864,328.052,1024,lz4,random,-1,22.344423,402.078125,369.73828125,540.5390625,447538.9675535591,release-smallheap-kafka-1k-r2
10000000,10000000,0,0,19.928269,501799.726,490.039,45.63,173.041,351.493,1024,lz4,random,-1,21.815792,412.296875,376.33203125,555.4375,458383.5416105911,release-smallheap-kafka-1k-r3
600000,600000,0,0,30.003583,19997.612,19.529,1.827,3.173,3.718,1024,lz4,random,20000,3.242637,409.5625,372.81640625,557.12109375,185034.58759028531,release-smallheap-kafka-1k-steady-r1
600000,600000,0,0,30.003518,19997.655,19.529,1.821,3.168,3.829,1024,lz4,random,20000,3.098498,409.8984375,372.90234375,560.46875,193642.20987071798,release-smallheap-kafka-1k-steady-r2
600000,600000,0,0,30.00407,19997.287,19.529,1.919,3.285,5.767,1024,lz4,random,20000,3.648861,408.1171875,370.94140625,562.078125,164434.87433475815,release-smallheap-kafka-1k-steady-r3
